TRAIN,gs://projectbucket10/images/026f30d5b6ef6e37.jpg,Squirrel
TRAIN,gs://projectbucket10/images/072b8fd82919ab3e.jpg,Squirrel
TRAIN,gs://projectbucket10/images/0774cb0bae3ae3c1.jpg,Squirrel
TRAIN,gs://projectbucket10/images/08b4dff9b94ac4aa.jpg,Squirrel
TRAIN,gs://projectbucket10/images/0988ce47422080a4.jpg,Squirrel
TRAIN,gs://projectbucket10/images/0af88e0948630469.jpg,Squirrel
TRAIN,gs://projectbucket10/images/0ee9f11ca2f91346.jpg,Squirrel
TRAIN,gs://projectbucket10/images/0f907c20321ad803.jpg,Squirrel
TRAIN,gs://projectbucket10/images/1286bc0eefaf7197.jpg,Squirrel
TRAIN,gs://projectbucket10/images/129b7a5d6370c128.jpg,Squirrel
TRAIN,gs://projectbucket10/images/135d5a13fa06063e.jpg,Squirrel
TRAIN,gs://projectbucket10/images/14c685eb2b5952c2.jpg,Squirrel
TRAIN,gs://projectbucket10/images/1adbac6adfec38b8.jpg,Squirrel
TRAIN,gs://projectbucket10/images/1f4ad1cfa133f0d2.jpg,Squirrel
TRAIN,gs://projectbucket10/images/216be116b4a2220e.jpg,Squirrel
TRAIN,gs://projectbucket10/images/2333fcfe55208f23.jpg,Squirrel
TRAIN,gs://projectbucket10/images/2461dd8c4880e9ec.jpg,Squirrel
TRAIN,gs://projectbucket10/images/2717eddb0ea1f24d.jpg,Squirrel
TRAIN,gs://projectbucket10/images/2854beae8b3222a3.jpg,Squirrel
TRAIN,gs://projectbucket10/images/29fad0b34a5c35e6.jpg,Squirrel
TRAIN,gs://projectbucket10/images/2a28a6dbfeeed164.jpg,Squirrel
TRAIN,gs://projectbucket10/images/2ef379009f77efbc.jpg,Squirrel
TRAIN,gs://projectbucket10/images/2f170d8b435b0145.jpg,Squirrel
TRAIN,gs://projectbucket10/images/2f4fab3629ee6190.jpg,Squirrel
TRAIN,gs://projectbucket10/images/305ac2f729123abc.jpg,Squirrel
TRAIN,gs://projectbucket10/images/355863e30e75557b.jpg,Squirrel
TRAIN,gs://projectbucket10/images/379a4e1f3a6bb549.jpg,Squirrel
TRAIN,gs://projectbucket10/images/3a6c6cd435178f5e.jpg,Squirrel
TRAIN,gs://projectbucket10/images/3b340da48c7da344.jpg,Squirrel
TRAIN,gs://projectbucket10/images/3e5ab820c6b20d5d.jpg,Squirrel
TRAIN,gs://projectbucket10/images/3f934b5b01a8b779.jpg,Squirrel
TRAIN,gs://projectbucket10/images/3fa6819854b27685.jpg,Squirrel
TRAIN,gs://projectbucket10/images/4252c156d25ee6e5.jpg,Squirrel
TRAIN,gs://projectbucket10/images/43c9ff79a3ff86ae.jpg,Squirrel
TRAIN,gs://projectbucket10/images/44477af35b046528.jpg,Squirrel
TRAIN,gs://projectbucket10/images/445468753782b643.jpg,Squirrel
TRAIN,gs://projectbucket10/images/4577eaaf45727867.jpg,Squirrel
TRAIN,gs://projectbucket10/images/48c1829ad165307f.jpg,Squirrel
TRAIN,gs://projectbucket10/images/48cd1c1a3ef60302.jpg,Squirrel
TRAIN,gs://projectbucket10/images/49cf612d4db3d72a.jpg,Squirrel
TRAIN,gs://projectbucket10/images/4d20806e8e8e2f9f.jpg,Squirrel
TRAIN,gs://projectbucket10/images/4d5b9ab3e6aa3206.jpg,Squirrel
TRAIN,gs://projectbucket10/images/4dbd9893a35e7952.jpg,Squirrel
TRAIN,gs://projectbucket10/images/53b6cacc653d526e.jpg,Squirrel
TRAIN,gs://projectbucket10/images/563feb4fbcbc2323.jpg,Squirrel
TRAIN,gs://projectbucket10/images/57e13a1440e976fc.jpg,Squirrel
TRAIN,gs://projectbucket10/images/58447bf7856426fc.jpg,Squirrel
TRAIN,gs://projectbucket10/images/589f42036837dfd6.jpg,Squirrel
TRAIN,gs://projectbucket10/images/58fc261209e20ea3.jpg,Squirrel
TRAIN,gs://projectbucket10/images/590cbfda89c25a09.jpg,Squirrel
TRAIN,gs://projectbucket10/images/5c5f398a70c66c90.jpg,Squirrel
TRAIN,gs://projectbucket10/images/5ceb1c347b001861.jpg,Squirrel
TRAIN,gs://projectbucket10/images/6889536daf0d7889.jpg,Squirrel
TRAIN,gs://projectbucket10/images/68b8bf926a0fbc7d.jpg,Squirrel
TRAIN,gs://projectbucket10/images/6ea248ec6870cf77.jpg,Squirrel
TRAIN,gs://projectbucket10/images/6eead1a8a569131a.jpg,Squirrel
TRAIN,gs://projectbucket10/images/710581ff77d7477d.jpg,Squirrel
TRAIN,gs://projectbucket10/images/72e6266bcafa2c57.jpg,Squirrel
TRAIN,gs://projectbucket10/images/7a51578d02e7bf5a.jpg,Squirrel
TRAIN,gs://projectbucket10/images/7adfa151e82d4b09.jpg,Squirrel
TRAIN,gs://projectbucket10/images/7bbb7e3fcd31a4e5.jpg,Squirrel
TRAIN,gs://projectbucket10/images/7ca3cf158f762cdc.jpg,Squirrel
TRAIN,gs://projectbucket10/images/7d64c6f9f6289698.jpg,Squirrel
TRAIN,gs://projectbucket10/images/7d6ba172979520e1.jpg,Squirrel
TRAIN,gs://projectbucket10/images/7e06c57537790f2c.jpg,Squirrel
TRAIN,gs://projectbucket10/images/7ffdc1194b977ee9.jpg,Squirrel
TRAIN,gs://projectbucket10/images/8640f58286e3935c.jpg,Squirrel
TRAIN,gs://projectbucket10/images/865d82f0c44623ff.jpg,Squirrel
TRAIN,gs://projectbucket10/images/88e4215a757b0778.jpg,Squirrel
TRAIN,gs://projectbucket10/images/8968a4736f4774ee.jpg,Squirrel
TRAIN,gs://projectbucket10/images/899568889400e850.jpg,Squirrel
TRAIN,gs://projectbucket10/images/8ac336b1ef090ff1.jpg,Squirrel
TRAIN,gs://projectbucket10/images/8fb5279cf0b5d1a0.jpg,Squirrel
TRAIN,gs://projectbucket10/images/91cbf86baf53fa6e.jpg,Squirrel
TRAIN,gs://projectbucket10/images/9313a4d05002a7f5.jpg,Squirrel
TRAIN,gs://projectbucket10/images/962c45a40c31873f.jpg,Squirrel
TRAIN,gs://projectbucket10/images/9c987482f4e0232b.jpg,Squirrel
TRAIN,gs://projectbucket10/images/9e894144e83533d4.jpg,Squirrel
TRAIN,gs://projectbucket10/images/a805178bb57855be.jpg,Squirrel
TRAIN,gs://projectbucket10/images/a91bac1fec67477f.jpg,Squirrel
VALIDATION,gs://projectbucket10/images/a964cd45f609d693.jpg,Squirrel
VALIDATION,gs://projectbucket10/images/adb70973fa83d223.jpg,Squirrel
VALIDATION,gs://projectbucket10/images/ae2bfad5f2991de7.jpg,Squirrel
VALIDATION,gs://projectbucket10/images/af13ae9ebb334751.jpg,Squirrel
VALIDATION,gs://projectbucket10/images/b1f66232318d60e2.jpg,Squirrel
VALIDATION,gs://projectbucket10/images/b5061d5baeace534.jpg,Squirrel
VALIDATION,gs://projectbucket10/images/b54d28a965a93fd2.jpg,Squirrel
VALIDATION,gs://projectbucket10/images/b5f5fe2ef89e4d82.jpg,Squirrel
VALIDATION,gs://projectbucket10/images/b743274ca1e0e7cf.jpg,Squirrel
VALIDATION,gs://projectbucket10/images/b84b4af0d59cf9ee.jpg,Squirrel
TEST,gs://projectbucket10/images/bdcdd9782f3cd276.jpg,Squirrel
TEST,gs://projectbucket10/images/c333977ef0dfc924.jpg,Squirrel
TEST,gs://projectbucket10/images/c3b411307911c9c1.jpg,Squirrel
TEST,gs://projectbucket10/images/c68c70e0d4049e18.jpg,Squirrel
TEST,gs://projectbucket10/images/c8a4b7bab0e293e5.jpg,Squirrel
TEST,gs://projectbucket10/images/cb909271a1b5c544.jpg,Squirrel
TEST,gs://projectbucket10/images/d11378dfabdbf63d.jpg,Squirrel
TEST,gs://projectbucket10/images/d37689a1807c0a2f.jpg,Squirrel
TEST,gs://projectbucket10/images/d483be52721bc503.jpg,Squirrel
TEST,gs://projectbucket10/images/e00759687d9c3f7f.jpg,Squirrel
TRAIN,gs://projectbucket10/images/00068d5450f0358b.jpg,Flag
TRAIN,gs://projectbucket10/images/00dc98ec817376a6.jpg,Flag
TRAIN,gs://projectbucket10/images/01b52e0d1110d313.jpg,Flag
TRAIN,gs://projectbucket10/images/02177c7b318e1d5c.jpg,Flag
TRAIN,gs://projectbucket10/images/023f468e4c065369.jpg,Flag
TRAIN,gs://projectbucket10/images/040e3416220f1f68.jpg,Flag
TRAIN,gs://projectbucket10/images/060bc355400e77ef.jpg,Flag
TRAIN,gs://projectbucket10/images/062ca0aed13065d8.jpg,Flag
TRAIN,gs://projectbucket10/images/084a37b8ba5c4a30.jpg,Flag
TRAIN,gs://projectbucket10/images/09b9636e13e3722b.jpg,Flag
TRAIN,gs://projectbucket10/images/0b547b133e10a0d8.jpg,Flag
TRAIN,gs://projectbucket10/images/0bb7d9ae445e4539.jpg,Flag
TRAIN,gs://projectbucket10/images/0c52884372a286bd.jpg,Flag
TRAIN,gs://projectbucket10/images/0d0d7c58e824e7d4.jpg,Flag
TRAIN,gs://projectbucket10/images/0e4aea130eb44ce5.jpg,Flag
TRAIN,gs://projectbucket10/images/0e9a3f95f19d2aaa.jpg,Flag
TRAIN,gs://projectbucket10/images/10b705a4f813b8e4.jpg,Flag
TRAIN,gs://projectbucket10/images/111cfd5c4134407b.jpg,Flag
TRAIN,gs://projectbucket10/images/119c1d2743e613e3.jpg,Flag
TRAIN,gs://projectbucket10/images/11b089c5e498372c.jpg,Flag
TRAIN,gs://projectbucket10/images/12d98fe2f982fe4f.jpg,Flag
TRAIN,gs://projectbucket10/images/178370002e6b35f7.jpg,Flag
TRAIN,gs://projectbucket10/images/180bded186ef607f.jpg,Flag
TRAIN,gs://projectbucket10/images/1814434f35f535d2.jpg,Flag
TRAIN,gs://projectbucket10/images/19322ae8e477e8f5.jpg,Flag
TRAIN,gs://projectbucket10/images/1994511b7d294455.jpg,Flag
TRAIN,gs://projectbucket10/images/1b2a0272a2fec074.jpg,Flag
TRAIN,gs://projectbucket10/images/1c1e084ae2eb7b36.jpg,Flag
TRAIN,gs://projectbucket10/images/1c3b1b8f08fe9b40.jpg,Flag
TRAIN,gs://projectbucket10/images/1e6b3cce00a1a57a.jpg,Flag
TRAIN,gs://projectbucket10/images/1e6c196566908c2d.jpg,Flag
TRAIN,gs://projectbucket10/images/1f5b00a914ce2031.jpg,Flag
TRAIN,gs://projectbucket10/images/212e6c2b93affb77.jpg,Flag
TRAIN,gs://projectbucket10/images/23792738738cad29.jpg,Flag
TRAIN,gs://projectbucket10/images/23f6df28daa9d736.jpg,Flag
TRAIN,gs://projectbucket10/images/24926d9356bcee0a.jpg,Flag
TRAIN,gs://projectbucket10/images/2660e0806cad3b4f.jpg,Flag
TRAIN,gs://projectbucket10/images/286fd3c0963f9d03.jpg,Flag
TRAIN,gs://projectbucket10/images/28ebb4a069a52619.jpg,Flag
TRAIN,gs://projectbucket10/images/2969c0c9719cb366.jpg,Flag
TRAIN,gs://projectbucket10/images/2abb8291e8ca37b1.jpg,Flag
TRAIN,gs://projectbucket10/images/2f2111ed9fa13e05.jpg,Flag
TRAIN,gs://projectbucket10/images/33a32ebe7f5137dc.jpg,Flag
TRAIN,gs://projectbucket10/images/34cb0cdcc6a97c2f.jpg,Flag
TRAIN,gs://projectbucket10/images/3552a10e56f8d2b3.jpg,Flag
TRAIN,gs://projectbucket10/images/35b731214500c0a9.jpg,Flag
TRAIN,gs://projectbucket10/images/362ded7077bbbb32.jpg,Flag
TRAIN,gs://projectbucket10/images/36c251b94c87fe8e.jpg,Flag
TRAIN,gs://projectbucket10/images/3791371109921bd1.jpg,Flag
TRAIN,gs://projectbucket10/images/387adda15457373d.jpg,Flag
TRAIN,gs://projectbucket10/images/39c46507c8483e6d.jpg,Flag
TRAIN,gs://projectbucket10/images/39f6ea1fea284d78.jpg,Flag
TRAIN,gs://projectbucket10/images/3b2ca22776e4a047.jpg,Flag
TRAIN,gs://projectbucket10/images/3bb66cc4cd569f11.jpg,Flag
TRAIN,gs://projectbucket10/images/3cfa8496653df7fd.jpg,Flag
TRAIN,gs://projectbucket10/images/3d4f88d043b8da92.jpg,Flag
TRAIN,gs://projectbucket10/images/3dcd00e9440e3f30.jpg,Flag
TRAIN,gs://projectbucket10/images/43f4399d1aab60de.jpg,Flag
TRAIN,gs://projectbucket10/images/4572c9240856128d.jpg,Flag
TRAIN,gs://projectbucket10/images/45a71f7547f5b605.jpg,Flag
TRAIN,gs://projectbucket10/images/45ef98ea267c832d.jpg,Flag
TRAIN,gs://projectbucket10/images/465d6c89beee17b5.jpg,Flag
TRAIN,gs://projectbucket10/images/47d1979c30930ea7.jpg,Flag
TRAIN,gs://projectbucket10/images/488bf392e2b6009f.jpg,Flag
TRAIN,gs://projectbucket10/images/48a7e98c72093162.jpg,Flag
TRAIN,gs://projectbucket10/images/4a2d12cb242324a1.jpg,Flag
TRAIN,gs://projectbucket10/images/4a679f933c9d5f8a.jpg,Flag
TRAIN,gs://projectbucket10/images/4b760ffdb08976fe.jpg,Flag
TRAIN,gs://projectbucket10/images/4f60566776c8cbac.jpg,Flag
TRAIN,gs://projectbucket10/images/4ffe51f5ed749e3b.jpg,Flag
TRAIN,gs://projectbucket10/images/511ab530e3cf7c2e.jpg,Flag
TRAIN,gs://projectbucket10/images/53dde99af0b6564e.jpg,Flag
TRAIN,gs://projectbucket10/images/5404256793f14f78.jpg,Flag
TRAIN,gs://projectbucket10/images/545d7b04c8571fda.jpg,Flag
TRAIN,gs://projectbucket10/images/550305e3b510418e.jpg,Flag
TRAIN,gs://projectbucket10/images/559b2b8d8429af6f.jpg,Flag
TRAIN,gs://projectbucket10/images/55e46ffcac950e39.jpg,Flag
TRAIN,gs://projectbucket10/images/564eb99e621b8cf2.jpg,Flag
TRAIN,gs://projectbucket10/images/56979f60c6242ee8.jpg,Flag
TRAIN,gs://projectbucket10/images/5b6cc0c249a13568.jpg,Flag
VALIDATION,gs://projectbucket10/images/5bcbd2064490cfd2.jpg,Flag
VALIDATION,gs://projectbucket10/images/5d66e389f55eb313.jpg,Flag
VALIDATION,gs://projectbucket10/images/5e98e0f48aa23ac8.jpg,Flag
VALIDATION,gs://projectbucket10/images/5f073b77fde22df2.jpg,Flag
VALIDATION,gs://projectbucket10/images/610d86e50658fc23.jpg,Flag
VALIDATION,gs://projectbucket10/images/614d4cc701f59a91.jpg,Flag
VALIDATION,gs://projectbucket10/images/62cf78b639c1e8d2.jpg,Flag
VALIDATION,gs://projectbucket10/images/643c7d577ac022fd.jpg,Flag
VALIDATION,gs://projectbucket10/images/64b36560fa73fb5d.jpg,Flag
VALIDATION,gs://projectbucket10/images/65135dc6d31e2fe6.jpg,Flag
TEST,gs://projectbucket10/images/66ccd0c312fc2432.jpg,Flag
TEST,gs://projectbucket10/images/69229193d9543452.jpg,Flag
TEST,gs://projectbucket10/images/6a822d2a60c65259.jpg,Flag
TEST,gs://projectbucket10/images/6a870c5cf5489111.jpg,Flag
TEST,gs://projectbucket10/images/6aae0d436efd1da9.jpg,Flag
TEST,gs://projectbucket10/images/6b9e10b39030d201.jpg,Flag
TEST,gs://projectbucket10/images/6d816f6fd62737a2.jpg,Flag
TEST,gs://projectbucket10/images/6dfc5000a06ff4bb.jpg,Flag
TEST,gs://projectbucket10/images/6e19a824050eb96b.jpg,Flag
TEST,gs://projectbucket10/images/6e6eb5e5261bd676.jpg,Flag
TRAIN,gs://projectbucket10/images/00558bdad63be9ac.jpg,Coin
TRAIN,gs://projectbucket10/images/0083461444da107b.jpg,Coin
TRAIN,gs://projectbucket10/images/0290b322ff8425fa.jpg,Coin
TRAIN,gs://projectbucket10/images/040e9fd538bfb6cf.jpg,Coin
TRAIN,gs://projectbucket10/images/0b1c955647adda05.jpg,Coin
TRAIN,gs://projectbucket10/images/0c41a8fe6bf2f06c.jpg,Coin
TRAIN,gs://projectbucket10/images/0dc8c5873dfc5c19.jpg,Coin
TRAIN,gs://projectbucket10/images/0e89f7873ef89e17.jpg,Coin
TRAIN,gs://projectbucket10/images/0f45674831f64f71.jpg,Coin
TRAIN,gs://projectbucket10/images/16274ecf0574be03.jpg,Coin
TRAIN,gs://projectbucket10/images/1640acf614125101.jpg,Coin
TRAIN,gs://projectbucket10/images/17ee34cede13d7fb.jpg,Coin
TRAIN,gs://projectbucket10/images/18676d9a50f96b4a.jpg,Coin
TRAIN,gs://projectbucket10/images/186c758a138a7dc5.jpg,Coin
TRAIN,gs://projectbucket10/images/1b66d0e91f6cbbb1.jpg,Coin
TRAIN,gs://projectbucket10/images/1c3d194bcefc15ed.jpg,Coin
TRAIN,gs://projectbucket10/images/1e5a2dd21670a279.jpg,Coin
TRAIN,gs://projectbucket10/images/1ef612d51b8d0bbd.jpg,Coin
TRAIN,gs://projectbucket10/images/1fc8095a21950059.jpg,Coin
TRAIN,gs://projectbucket10/images/213fcdac2ed657ab.jpg,Coin
TRAIN,gs://projectbucket10/images/21d1fb11087f8762.jpg,Coin
TRAIN,gs://projectbucket10/images/22596289bbfa3136.jpg,Coin
TRAIN,gs://projectbucket10/images/25a9a8dbd4a10893.jpg,Coin
TRAIN,gs://projectbucket10/images/25c7fc935e8df5a2.jpg,Coin
TRAIN,gs://projectbucket10/images/27ee26340cf92453.jpg,Coin
TRAIN,gs://projectbucket10/images/2828a1c7d5d97ea7.jpg,Coin
TRAIN,gs://projectbucket10/images/2878309584e529d0.jpg,Coin
TRAIN,gs://projectbucket10/images/2950f99b1e31dc84.jpg,Coin
TRAIN,gs://projectbucket10/images/2b7effc816e5c5ea.jpg,Coin
TRAIN,gs://projectbucket10/images/2e383bf18b51a8a4.jpg,Coin
TRAIN,gs://projectbucket10/images/2e47770dec00c840.jpg,Coin
TRAIN,gs://projectbucket10/images/318a33e0fe1774a5.jpg,Coin
TRAIN,gs://projectbucket10/images/32d55a54435b86c7.jpg,Coin
TRAIN,gs://projectbucket10/images/339686bfa60a0ad2.jpg,Coin
TRAIN,gs://projectbucket10/images/34293df94db13ae6.jpg,Coin
TRAIN,gs://projectbucket10/images/3561e23f422a6423.jpg,Coin
TRAIN,gs://projectbucket10/images/36cb321e207bbe51.jpg,Coin
TRAIN,gs://projectbucket10/images/38d118f8033c9b4e.jpg,Coin
TRAIN,gs://projectbucket10/images/3ca5d38f3cf6de3d.jpg,Coin
TRAIN,gs://projectbucket10/images/3d4eb20419d1343f.jpg,Coin
TRAIN,gs://projectbucket10/images/3ddb6c607a67a5b8.jpg,Coin
TRAIN,gs://projectbucket10/images/3df5569f1c53275b.jpg,Coin
TRAIN,gs://projectbucket10/images/3e55592128dff9e2.jpg,Coin
TRAIN,gs://projectbucket10/images/3ee4654d15cae5a5.jpg,Coin
TRAIN,gs://projectbucket10/images/410f88ad968ddfa7.jpg,Coin
TRAIN,gs://projectbucket10/images/419c447cc5d17bc4.jpg,Coin
TRAIN,gs://projectbucket10/images/427241fd00e40deb.jpg,Coin
TRAIN,gs://projectbucket10/images/42851b5246d97ffb.jpg,Coin
TRAIN,gs://projectbucket10/images/44af6964922188bb.jpg,Coin
TRAIN,gs://projectbucket10/images/44c873d4bc7c43a5.jpg,Coin
TRAIN,gs://projectbucket10/images/483b5cd69c1de8ba.jpg,Coin
TRAIN,gs://projectbucket10/images/4856cf0064982f08.jpg,Coin
TRAIN,gs://projectbucket10/images/48b7b0c1a40b3d11.jpg,Coin
TRAIN,gs://projectbucket10/images/4c3caf936cc776c8.jpg,Coin
TRAIN,gs://projectbucket10/images/4da7604b31228302.jpg,Coin
TRAIN,gs://projectbucket10/images/4f53f1ae37af3691.jpg,Coin
TRAIN,gs://projectbucket10/images/50c55d1efaa9f61b.jpg,Coin
TRAIN,gs://projectbucket10/images/53ea94d3a0b5969f.jpg,Coin
TRAIN,gs://projectbucket10/images/54c5924cd7fa649c.jpg,Coin
TRAIN,gs://projectbucket10/images/56f508740ba1830d.jpg,Coin
TRAIN,gs://projectbucket10/images/570f98fe305f972f.jpg,Coin
TRAIN,gs://projectbucket10/images/5951a58d0ca6cbfe.jpg,Coin
TRAIN,gs://projectbucket10/images/5c0d6a2ac428d93f.jpg,Coin
TRAIN,gs://projectbucket10/images/5c90d7680336c527.jpg,Coin
TRAIN,gs://projectbucket10/images/5ce7c09c5b51c588.jpg,Coin
TRAIN,gs://projectbucket10/images/5d6d1c781a90c383.jpg,Coin
TRAIN,gs://projectbucket10/images/5e815916d1d1c313.jpg,Coin
TRAIN,gs://projectbucket10/images/5eb413367bd4ec83.jpg,Coin
TRAIN,gs://projectbucket10/images/62e2ab0a8cb0db42.jpg,Coin
TRAIN,gs://projectbucket10/images/671bb1cb7784d9a0.jpg,Coin
TRAIN,gs://projectbucket10/images/68a1c26f3926a103.jpg,Coin
TRAIN,gs://projectbucket10/images/6c4dd21f345a87bd.jpg,Coin
TRAIN,gs://projectbucket10/images/6e2c5f1314e39a0b.jpg,Coin
TRAIN,gs://projectbucket10/images/6ff40b74e7c693e2.jpg,Coin
TRAIN,gs://projectbucket10/images/709938f21ae13ca4.jpg,Coin
TRAIN,gs://projectbucket10/images/71ddc2467c7009f9.jpg,Coin
TRAIN,gs://projectbucket10/images/73aaae090a2f2416.jpg,Coin
TRAIN,gs://projectbucket10/images/7549d4c0f714a6ae.jpg,Coin
TRAIN,gs://projectbucket10/images/78885c7e71943b80.jpg,Coin
TRAIN,gs://projectbucket10/images/78c62f5d03ba2070.jpg,Coin
VALIDATION,gs://projectbucket10/images/7b99b3043db2115f.jpg,Coin
VALIDATION,gs://projectbucket10/images/7cf26f6ea2ea40d0.jpg,Coin
VALIDATION,gs://projectbucket10/images/7f312f13871ccaad.jpg,Coin
VALIDATION,gs://projectbucket10/images/80b7d5af4b753192.jpg,Coin
VALIDATION,gs://projectbucket10/images/81b262efe5ea1e70.jpg,Coin
VALIDATION,gs://projectbucket10/images/82bb29d56299f8bb.jpg,Coin
VALIDATION,gs://projectbucket10/images/855eed66d35f6b24.jpg,Coin
VALIDATION,gs://projectbucket10/images/85e8b18fabef28a0.jpg,Coin
VALIDATION,gs://projectbucket10/images/86d5ae6d5fbbf3b7.jpg,Coin
VALIDATION,gs://projectbucket10/images/892df09bf44ec2ff.jpg,Coin
TEST,gs://projectbucket10/images/8a9f819ac38791ee.jpg,Coin
TEST,gs://projectbucket10/images/8b0e8e96995c585d.jpg,Coin
TEST,gs://projectbucket10/images/8c69619f9bf5c978.jpg,Coin
TEST,gs://projectbucket10/images/8d41d34fd99fe90c.jpg,Coin
TEST,gs://projectbucket10/images/8dbc10202d6c60f5.jpg,Coin
TEST,gs://projectbucket10/images/8fe741ac69822723.jpg,Coin
TEST,gs://projectbucket10/images/910b7f5a27ec3ff4.jpg,Coin
TEST,gs://projectbucket10/images/91e6453aae950789.jpg,Coin
TEST,gs://projectbucket10/images/929e82cb23ece383.jpg,Coin
TEST,gs://projectbucket10/images/95428bb7c9e05c5a.jpg,Coin
TRAIN,gs://projectbucket10/images/0003d84e0165d630.jpg,Ball
TRAIN,gs://projectbucket10/images/00156ac2ee0c3d58.jpg,Ball
TRAIN,gs://projectbucket10/images/0141852d2feb21c6.jpg,Ball
TRAIN,gs://projectbucket10/images/01e260e2d519a7ec.jpg,Ball
TRAIN,gs://projectbucket10/images/01fa0e46ed41783e.jpg,Ball
TRAIN,gs://projectbucket10/images/023a0a6c28bd4930.jpg,Ball
TRAIN,gs://projectbucket10/images/038765c1dd37e491.jpg,Ball
TRAIN,gs://projectbucket10/images/045d2643c3b62bc6.jpg,Ball
TRAIN,gs://projectbucket10/images/05a86145092ca60f.jpg,Ball
TRAIN,gs://projectbucket10/images/05ad012d0ccab5cb.jpg,Ball
TRAIN,gs://projectbucket10/images/05b47d2c71c4eff4.jpg,Ball
TRAIN,gs://projectbucket10/images/05da9a3a550ceeed.jpg,Ball
TRAIN,gs://projectbucket10/images/05e7ad10493ecace.jpg,Ball
TRAIN,gs://projectbucket10/images/07294fe7db23d288.jpg,Ball
TRAIN,gs://projectbucket10/images/07afa2c1bc670cbe.jpg,Ball
TRAIN,gs://projectbucket10/images/0837a0944e6a12cb.jpg,Ball
TRAIN,gs://projectbucket10/images/084d9b0d21b5de75.jpg,Ball
TRAIN,gs://projectbucket10/images/08fde696a09f31f8.jpg,Ball
TRAIN,gs://projectbucket10/images/094819cc87d2abf2.jpg,Ball
TRAIN,gs://projectbucket10/images/09a49cb92c6cdbb0.jpg,Ball
TRAIN,gs://projectbucket10/images/09d2374843129c2a.jpg,Ball
TRAIN,gs://projectbucket10/images/0a9cae46a2fe661b.jpg,Ball
TRAIN,gs://projectbucket10/images/0be6eea66d28f24f.jpg,Ball
TRAIN,gs://projectbucket10/images/0beb12cbe3054883.jpg,Ball
TRAIN,gs://projectbucket10/images/0c4e291e151205c8.jpg,Ball
TRAIN,gs://projectbucket10/images/0c94c1d1108c3b38.jpg,Ball
TRAIN,gs://projectbucket10/images/0caa3c86806615cb.jpg,Ball
TRAIN,gs://projectbucket10/images/0cacac7d1bf5d528.jpg,Ball
TRAIN,gs://projectbucket10/images/0cde56167d08a8aa.jpg,Ball
TRAIN,gs://projectbucket10/images/0cf45dc3b53ea8b6.jpg,Ball
TRAIN,gs://projectbucket10/images/0d005b5f39667d08.jpg,Ball
TRAIN,gs://projectbucket10/images/0d5461cc341ca8c6.jpg,Ball
TRAIN,gs://projectbucket10/images/0d7c38c48b8b7bff.jpg,Ball
TRAIN,gs://projectbucket10/images/0d7c7be2ebe4df10.jpg,Ball
TRAIN,gs://projectbucket10/images/0e07ac97469b38d7.jpg,Ball
TRAIN,gs://projectbucket10/images/0e140bb8322582cc.jpg,Ball
TRAIN,gs://projectbucket10/images/0eb3fc985d7bb5ab.jpg,Ball
TRAIN,gs://projectbucket10/images/0ec89de392847498.jpg,Ball
TRAIN,gs://projectbucket10/images/0f2c6de9d0c3dc59.jpg,Ball
TRAIN,gs://projectbucket10/images/1006db9db995f5fe.jpg,Ball
TRAIN,gs://projectbucket10/images/10cf66a427f3ac64.jpg,Ball
TRAIN,gs://projectbucket10/images/127e3d7e04f9c5f6.jpg,Ball
TRAIN,gs://projectbucket10/images/12e1fbcf48f4e35a.jpg,Ball
TRAIN,gs://projectbucket10/images/1301abd7df04425b.jpg,Ball
TRAIN,gs://projectbucket10/images/1331698a76678d04.jpg,Ball
TRAIN,gs://projectbucket10/images/1375ce5429f60c8c.jpg,Ball
TRAIN,gs://projectbucket10/images/144726e8b7c7d383.jpg,Ball
TRAIN,gs://projectbucket10/images/14addb385b7f6585.jpg,Ball
TRAIN,gs://projectbucket10/images/14c02c26910468d0.jpg,Ball
TRAIN,gs://projectbucket10/images/1537f41b7a4fc016.jpg,Ball
TRAIN,gs://projectbucket10/images/1557a9c31e4832ac.jpg,Ball
TRAIN,gs://projectbucket10/images/1571b4255124196c.jpg,Ball
TRAIN,gs://projectbucket10/images/15a31fcb17bda9ed.jpg,Ball
TRAIN,gs://projectbucket10/images/15cdf068f1cc0c01.jpg,Ball
TRAIN,gs://projectbucket10/images/15d174bf9c01797c.jpg,Ball
TRAIN,gs://projectbucket10/images/15fa66ecf306fc2b.jpg,Ball
TRAIN,gs://projectbucket10/images/16375f4a54946a90.jpg,Ball
TRAIN,gs://projectbucket10/images/16a618f9c5b0c3fb.jpg,Ball
TRAIN,gs://projectbucket10/images/16c5dc6b366afc64.jpg,Ball
TRAIN,gs://projectbucket10/images/1816d7e341813729.jpg,Ball
TRAIN,gs://projectbucket10/images/193400c3baa55fd1.jpg,Ball
TRAIN,gs://projectbucket10/images/1962d0ad4d18af46.jpg,Ball
TRAIN,gs://projectbucket10/images/197156967bcfe703.jpg,Ball
TRAIN,gs://projectbucket10/images/19737c8bfc0b06b9.jpg,Ball
TRAIN,gs://projectbucket10/images/19ad73a14d324952.jpg,Ball
TRAIN,gs://projectbucket10/images/1a4558b8964f8a60.jpg,Ball
TRAIN,gs://projectbucket10/images/1a74fc2219db1a49.jpg,Ball
TRAIN,gs://projectbucket10/images/1b00d69489c291e4.jpg,Ball
TRAIN,gs://projectbucket10/images/1b439ea34238b7c5.jpg,Ball
TRAIN,gs://projectbucket10/images/1b74aa10678f68a2.jpg,Ball
TRAIN,gs://projectbucket10/images/1c0c9989e9816923.jpg,Ball
TRAIN,gs://projectbucket10/images/1c45f5ddde6059d2.jpg,Ball
TRAIN,gs://projectbucket10/images/1c5e93db94dbf7e7.jpg,Ball
TRAIN,gs://projectbucket10/images/1cc53c8e090ba2f1.jpg,Ball
TRAIN,gs://projectbucket10/images/1d702f38d3b4c870.jpg,Ball
TRAIN,gs://projectbucket10/images/1de10c9a23a3fc79.jpg,Ball
TRAIN,gs://projectbucket10/images/1e8e97ae16cca52e.jpg,Ball
TRAIN,gs://projectbucket10/images/1e9940f3864e8d40.jpg,Ball
TRAIN,gs://projectbucket10/images/1ea710a0987751d7.jpg,Ball
TRAIN,gs://projectbucket10/images/1f107ba1ec2643b9.jpg,Ball
VALIDATION,gs://projectbucket10/images/1f5f5a2e5bbc00f0.jpg,Ball
VALIDATION,gs://projectbucket10/images/1f70a2a743b02464.jpg,Ball
VALIDATION,gs://projectbucket10/images/1fb38520dcc3a34f.jpg,Ball
VALIDATION,gs://projectbucket10/images/221a233ec1ba04c9.jpg,Ball
VALIDATION,gs://projectbucket10/images/22dd1e06fc2e28a1.jpg,Ball
VALIDATION,gs://projectbucket10/images/235398a412d8eb82.jpg,Ball
VALIDATION,gs://projectbucket10/images/2438fff79a74e0bd.jpg,Ball
VALIDATION,gs://projectbucket10/images/2451c0d78d9b4712.jpg,Ball
VALIDATION,gs://projectbucket10/images/248e19f3b7c34c71.jpg,Ball
VALIDATION,gs://projectbucket10/images/24a5873645121f0d.jpg,Ball
TEST,gs://projectbucket10/images/26a29ceb2b526b7e.jpg,Ball
TEST,gs://projectbucket10/images/276ad7ae6c0462fb.jpg,Ball
TEST,gs://projectbucket10/images/27d0f0cc5db3a0b7.jpg,Ball
TEST,gs://projectbucket10/images/2810b3fd0360ec77.jpg,Ball
TEST,gs://projectbucket10/images/285065f26c1e8ec8.jpg,Ball
TEST,gs://projectbucket10/images/288668be64a204cd.jpg,Ball
TEST,gs://projectbucket10/images/28c1742dab03a143.jpg,Ball
TEST,gs://projectbucket10/images/28fdc44f0d9674f6.jpg,Ball
TEST,gs://projectbucket10/images/2944cd830042417e.jpg,Ball
TEST,gs://projectbucket10/images/298d98974f4afd49.jpg,Ball
TRAIN,gs://projectbucket10/images/0187938d277188fa.jpg,Falcon
TRAIN,gs://projectbucket10/images/03715c7dd19b1f36.jpg,Falcon
TRAIN,gs://projectbucket10/images/0620fe4c9e29ab20.jpg,Falcon
TRAIN,gs://projectbucket10/images/06bcc09321656cc5.jpg,Falcon
TRAIN,gs://projectbucket10/images/07301815c8038143.jpg,Falcon
TRAIN,gs://projectbucket10/images/0930345451d77e60.jpg,Falcon
TRAIN,gs://projectbucket10/images/093a4861abe6e023.jpg,Falcon
TRAIN,gs://projectbucket10/images/09e88e4d977e1329.jpg,Falcon
TRAIN,gs://projectbucket10/images/0b24ae3baf6ac907.jpg,Falcon
TRAIN,gs://projectbucket10/images/0b7d043822c6db85.jpg,Falcon
TRAIN,gs://projectbucket10/images/0dd94901ce5c65e0.jpg,Falcon
TRAIN,gs://projectbucket10/images/0e34beb5c0243375.jpg,Falcon
TRAIN,gs://projectbucket10/images/0f4e511fc23b18ff.jpg,Falcon
TRAIN,gs://projectbucket10/images/117cdc8826c6fb7a.jpg,Falcon
TRAIN,gs://projectbucket10/images/123f8377c09c186b.jpg,Falcon
TRAIN,gs://projectbucket10/images/12aa9a0d7f5f7c18.jpg,Falcon
TRAIN,gs://projectbucket10/images/13d3215eb983f7ad.jpg,Falcon
TRAIN,gs://projectbucket10/images/153c7be28811c488.jpg,Falcon
TRAIN,gs://projectbucket10/images/162449d590357ff7.jpg,Falcon
TRAIN,gs://projectbucket10/images/16ee7fc11080938d.jpg,Falcon
TRAIN,gs://projectbucket10/images/18f2af57c9d05ddc.jpg,Falcon
TRAIN,gs://projectbucket10/images/19b9be1b6e3b543a.jpg,Falcon
TRAIN,gs://projectbucket10/images/1e07548d6a2038fb.jpg,Falcon
TRAIN,gs://projectbucket10/images/215868acb93c400e.jpg,Falcon
TRAIN,gs://projectbucket10/images/22cbd7a80ea2537e.jpg,Falcon
TRAIN,gs://projectbucket10/images/231a05c0ba762467.jpg,Falcon
TRAIN,gs://projectbucket10/images/25880c4f38d01747.jpg,Falcon
TRAIN,gs://projectbucket10/images/26d6c3b1c6a9dc4c.jpg,Falcon
TRAIN,gs://projectbucket10/images/26fe4763d054a29c.jpg,Falcon
TRAIN,gs://projectbucket10/images/28fdb361d4d51701.jpg,Falcon
TRAIN,gs://projectbucket10/images/29962ff9be724997.jpg,Falcon
TRAIN,gs://projectbucket10/images/29f06bd18afbcfa5.jpg,Falcon
TRAIN,gs://projectbucket10/images/2a58811c3075544d.jpg,Falcon
TRAIN,gs://projectbucket10/images/2b4d16e4ea02e35d.jpg,Falcon
TRAIN,gs://projectbucket10/images/2b4fe90ce66aa772.jpg,Falcon
TRAIN,gs://projectbucket10/images/2b9145475b5819fd.jpg,Falcon
TRAIN,gs://projectbucket10/images/2d2c6f3a116786c0.jpg,Falcon
TRAIN,gs://projectbucket10/images/2ecd724394c7899c.jpg,Falcon
TRAIN,gs://projectbucket10/images/3721d8953ffec09d.jpg,Falcon
TRAIN,gs://projectbucket10/images/37510ffe72539c23.jpg,Falcon
TRAIN,gs://projectbucket10/images/384c32a640272513.jpg,Falcon
TRAIN,gs://projectbucket10/images/38caa15a15dd11e7.jpg,Falcon
TRAIN,gs://projectbucket10/images/3c91b618df8704be.jpg,Falcon
TRAIN,gs://projectbucket10/images/3d9192fbe0bf8b9a.jpg,Falcon
TRAIN,gs://projectbucket10/images/3d9e709fca8ae47f.jpg,Falcon
TRAIN,gs://projectbucket10/images/3ee982bd4bdf62c2.jpg,Falcon
TRAIN,gs://projectbucket10/images/3f30e50000f2b948.jpg,Falcon
TRAIN,gs://projectbucket10/images/3fea8afa22b2ab18.jpg,Falcon
TRAIN,gs://projectbucket10/images/3ff1795c3db0f538.jpg,Falcon
TRAIN,gs://projectbucket10/images/41527b065897a6a9.jpg,Falcon
TRAIN,gs://projectbucket10/images/415b5f3658be41e5.jpg,Falcon
TRAIN,gs://projectbucket10/images/4320c932293594d7.jpg,Falcon
TRAIN,gs://projectbucket10/images/4411d26e66297bfd.jpg,Falcon
TRAIN,gs://projectbucket10/images/441e93465cee4392.jpg,Falcon
TRAIN,gs://projectbucket10/images/44b60609231a929b.jpg,Falcon
TRAIN,gs://projectbucket10/images/44e30de74ada07a4.jpg,Falcon
TRAIN,gs://projectbucket10/images/47369e7a1cf0b099.jpg,Falcon
TRAIN,gs://projectbucket10/images/48b65d74573eef74.jpg,Falcon
TRAIN,gs://projectbucket10/images/4a2d9e17c05529d8.jpg,Falcon
TRAIN,gs://projectbucket10/images/4d4c77e1bdaec0ad.jpg,Falcon
TRAIN,gs://projectbucket10/images/4da76d1e63381601.jpg,Falcon
TRAIN,gs://projectbucket10/images/5000ad88b14e31ae.jpg,Falcon
TRAIN,gs://projectbucket10/images/50057fbd728876e6.jpg,Falcon
TRAIN,gs://projectbucket10/images/51cdfa8fd8839900.jpg,Falcon
TRAIN,gs://projectbucket10/images/531a01c57573d6b9.jpg,Falcon
TRAIN,gs://projectbucket10/images/5503cd6a39df1da6.jpg,Falcon
TRAIN,gs://projectbucket10/images/586280f79c236007.jpg,Falcon
TRAIN,gs://projectbucket10/images/5dabd9617d38b92e.jpg,Falcon
TRAIN,gs://projectbucket10/images/5e00a27bcfecf3f1.jpg,Falcon
TRAIN,gs://projectbucket10/images/6283f13f9c32994e.jpg,Falcon
TRAIN,gs://projectbucket10/images/63b73543f6d6a23b.jpg,Falcon
TRAIN,gs://projectbucket10/images/63c18560f2db8382.jpg,Falcon
TRAIN,gs://projectbucket10/images/650f322092461837.jpg,Falcon
TRAIN,gs://projectbucket10/images/6e7848dafc4bd38f.jpg,Falcon
TRAIN,gs://projectbucket10/images/6eb6b995735aad75.jpg,Falcon
TRAIN,gs://projectbucket10/images/6f66217f8ffdbeea.jpg,Falcon
TRAIN,gs://projectbucket10/images/6f7e8835e76f7fda.jpg,Falcon
TRAIN,gs://projectbucket10/images/70076e640ca95ef5.jpg,Falcon
TRAIN,gs://projectbucket10/images/70470f22b97eb2a0.jpg,Falcon
TRAIN,gs://projectbucket10/images/706214bbe9143ccc.jpg,Falcon
VALIDATION,gs://projectbucket10/images/7134e5f58928f074.jpg,Falcon
VALIDATION,gs://projectbucket10/images/7263c5cdb70492b4.jpg,Falcon
VALIDATION,gs://projectbucket10/images/742e52216d449adf.jpg,Falcon
VALIDATION,gs://projectbucket10/images/753e69f17675e835.jpg,Falcon
VALIDATION,gs://projectbucket10/images/76b3ed7fe4812eec.jpg,Falcon
VALIDATION,gs://projectbucket10/images/76bc82be7ce1525c.jpg,Falcon
VALIDATION,gs://projectbucket10/images/78e1d763746e5d6d.jpg,Falcon
VALIDATION,gs://projectbucket10/images/7967f24f32f144f7.jpg,Falcon
VALIDATION,gs://projectbucket10/images/79f434347eb19156.jpg,Falcon
VALIDATION,gs://projectbucket10/images/7ead8a05548b7dd8.jpg,Falcon
TEST,gs://projectbucket10/images/7ef20840c2714472.jpg,Falcon
TEST,gs://projectbucket10/images/7fe994bae130b14b.jpg,Falcon
TEST,gs://projectbucket10/images/80864b69fa3fc293.jpg,Falcon
TEST,gs://projectbucket10/images/8359e78c6c0dc34c.jpg,Falcon
TEST,gs://projectbucket10/images/85bbca10aab0705f.jpg,Falcon
TEST,gs://projectbucket10/images/86c9b105ba569df5.jpg,Falcon
TEST,gs://projectbucket10/images/8721f66dd58d6cfb.jpg,Falcon
TEST,gs://projectbucket10/images/89db149a2c4d564c.jpg,Falcon
TEST,gs://projectbucket10/images/8a74fcfc15244595.jpg,Falcon
TEST,gs://projectbucket10/images/8ad26d6a2052e138.jpg,Falcon
TRAIN,gs://projectbucket10/images/0298c70279b6e842.jpg,Glove
TRAIN,gs://projectbucket10/images/03db136a3728d3fc.jpg,Glove
TRAIN,gs://projectbucket10/images/03de2a83847fb559.jpg,Glove
TRAIN,gs://projectbucket10/images/049aa19c83ab2bef.jpg,Glove
TRAIN,gs://projectbucket10/images/06c54952711c3873.jpg,Glove
TRAIN,gs://projectbucket10/images/07264e57e3607661.jpg,Glove
TRAIN,gs://projectbucket10/images/0765f5098f096c49.jpg,Glove
TRAIN,gs://projectbucket10/images/0fe95644115e8829.jpg,Glove
TRAIN,gs://projectbucket10/images/0febb6fee08a7470.jpg,Glove
TRAIN,gs://projectbucket10/images/10cdaca6d67dd98c.jpg,Glove
TRAIN,gs://projectbucket10/images/12bfab94760359b6.jpg,Glove
TRAIN,gs://projectbucket10/images/1369df17d4b764d1.jpg,Glove
TRAIN,gs://projectbucket10/images/15206cdb4d5acff2.jpg,Glove
TRAIN,gs://projectbucket10/images/159220398554e6b0.jpg,Glove
TRAIN,gs://projectbucket10/images/1d253a99a97583ca.jpg,Glove
TRAIN,gs://projectbucket10/images/20c330a140128d67.jpg,Glove
TRAIN,gs://projectbucket10/images/225d436f25ef6ffb.jpg,Glove
TRAIN,gs://projectbucket10/images/251e4c842963ad62.jpg,Glove
TRAIN,gs://projectbucket10/images/27e16f0c4e6df95d.jpg,Glove
TRAIN,gs://projectbucket10/images/37360cbe3d1fecc4.jpg,Glove
TRAIN,gs://projectbucket10/images/37a844ac1691bfd1.jpg,Glove
TRAIN,gs://projectbucket10/images/3867c43194dd43ed.jpg,Glove
TRAIN,gs://projectbucket10/images/39d9fbb0b7879a0c.jpg,Glove
TRAIN,gs://projectbucket10/images/3e13cad7e50fc467.jpg,Glove
TRAIN,gs://projectbucket10/images/43b1ef5be2061649.jpg,Glove
TRAIN,gs://projectbucket10/images/43ba73af80c50e58.jpg,Glove
TRAIN,gs://projectbucket10/images/440664741ab74fa2.jpg,Glove
TRAIN,gs://projectbucket10/images/4426fa0e3b515179.jpg,Glove
TRAIN,gs://projectbucket10/images/44ae9e2f719b3093.jpg,Glove
TRAIN,gs://projectbucket10/images/45746427030b75bd.jpg,Glove
TRAIN,gs://projectbucket10/images/46b26e90cb5ed895.jpg,Glove
TRAIN,gs://projectbucket10/images/46da5418a428b8fa.jpg,Glove
TRAIN,gs://projectbucket10/images/493178274db3d2a7.jpg,Glove
TRAIN,gs://projectbucket10/images/4936d34b62af2c28.jpg,Glove
TRAIN,gs://projectbucket10/images/4a2e6f27d10132bf.jpg,Glove
TRAIN,gs://projectbucket10/images/4d9c304cd42499eb.jpg,Glove
TRAIN,gs://projectbucket10/images/4e8433dcc82d2279.jpg,Glove
TRAIN,gs://projectbucket10/images/50a1ee4f4dae3565.jpg,Glove
TRAIN,gs://projectbucket10/images/51445c18e5d3d14c.jpg,Glove
TRAIN,gs://projectbucket10/images/526177dd0bc4b1eb.jpg,Glove
TRAIN,gs://projectbucket10/images/53235fa4c05102cb.jpg,Glove
TRAIN,gs://projectbucket10/images/542428a652c8fd39.jpg,Glove
TRAIN,gs://projectbucket10/images/5516e4aed0395c60.jpg,Glove
TRAIN,gs://projectbucket10/images/5570e4a637e0e11c.jpg,Glove
TRAIN,gs://projectbucket10/images/574901d78c34e0a8.jpg,Glove
TRAIN,gs://projectbucket10/images/579c0baa92fbeca6.jpg,Glove
TRAIN,gs://projectbucket10/images/58373e1319eeed7b.jpg,Glove
TRAIN,gs://projectbucket10/images/58e51d11ee20bb54.jpg,Glove
TRAIN,gs://projectbucket10/images/5f0c3f3aaeb64232.jpg,Glove
TRAIN,gs://projectbucket10/images/6142922d5809e5de.jpg,Glove
TRAIN,gs://projectbucket10/images/6148451becf88ccf.jpg,Glove
TRAIN,gs://projectbucket10/images/62d8000fe45aed24.jpg,Glove
TRAIN,gs://projectbucket10/images/6402e34cfa03d187.jpg,Glove
TRAIN,gs://projectbucket10/images/6582bc88b7928e04.jpg,Glove
TRAIN,gs://projectbucket10/images/662bb8cd11925ffc.jpg,Glove
TRAIN,gs://projectbucket10/images/66313ff5fc5c0d1d.jpg,Glove
TRAIN,gs://projectbucket10/images/689a106df150a803.jpg,Glove
TRAIN,gs://projectbucket10/images/69d91728852019c9.jpg,Glove
TRAIN,gs://projectbucket10/images/6ac661217db12f9d.jpg,Glove
TRAIN,gs://projectbucket10/images/6b487a6c8b60c175.jpg,Glove
TRAIN,gs://projectbucket10/images/6b4a25f143c3eacc.jpg,Glove
TRAIN,gs://projectbucket10/images/6caa8f25d1018be4.jpg,Glove
TRAIN,gs://projectbucket10/images/6fa2943dcf5de04e.jpg,Glove
TRAIN,gs://projectbucket10/images/711c3f16c873b828.jpg,Glove
TRAIN,gs://projectbucket10/images/74dc84f4d4178d89.jpg,Glove
TRAIN,gs://projectbucket10/images/763ab262f759a7ab.jpg,Glove
TRAIN,gs://projectbucket10/images/77acdd4d72a544d8.jpg,Glove
TRAIN,gs://projectbucket10/images/78a8e54c31c5a0c7.jpg,Glove
TRAIN,gs://projectbucket10/images/78ec2e08430699e1.jpg,Glove
TRAIN,gs://projectbucket10/images/790200dc2441a317.jpg,Glove
TRAIN,gs://projectbucket10/images/79173e559d16009f.jpg,Glove
TRAIN,gs://projectbucket10/images/793123ec6a6afef4.jpg,Glove
TRAIN,gs://projectbucket10/images/7a846569ed662bc9.jpg,Glove
TRAIN,gs://projectbucket10/images/7b8e6fe0462a718a.jpg,Glove
TRAIN,gs://projectbucket10/images/7d98175fde82042b.jpg,Glove
TRAIN,gs://projectbucket10/images/7fcaeedfcc049f26.jpg,Glove
TRAIN,gs://projectbucket10/images/81d50a18676de340.jpg,Glove
TRAIN,gs://projectbucket10/images/82311358ea1777d6.jpg,Glove
TRAIN,gs://projectbucket10/images/84140894baa2e9f0.jpg,Glove
TRAIN,gs://projectbucket10/images/85a5560356a71385.jpg,Glove
VALIDATION,gs://projectbucket10/images/86fb54cd63be4d3b.jpg,Glove
VALIDATION,gs://projectbucket10/images/87db71cce65f666e.jpg,Glove
VALIDATION,gs://projectbucket10/images/8860659d997827f0.jpg,Glove
VALIDATION,gs://projectbucket10/images/88cf0331220023cd.jpg,Glove
VALIDATION,gs://projectbucket10/images/8c606c96755165bf.jpg,Glove
VALIDATION,gs://projectbucket10/images/8d56434ca7d54ec2.jpg,Glove
VALIDATION,gs://projectbucket10/images/924c240828403f1a.jpg,Glove
VALIDATION,gs://projectbucket10/images/9cc3c9fbea578d89.jpg,Glove
VALIDATION,gs://projectbucket10/images/9f88bfc8dd761f31.jpg,Glove
VALIDATION,gs://projectbucket10/images/9fda6e4ed12f4aec.jpg,Glove
TEST,gs://projectbucket10/images/9ffe0ca87634309c.jpg,Glove
TEST,gs://projectbucket10/images/a159c5f932b1333b.jpg,Glove
TEST,gs://projectbucket10/images/a16345b36eefc787.jpg,Glove
TEST,gs://projectbucket10/images/a2c1d4542901af59.jpg,Glove
TEST,gs://projectbucket10/images/a38e9efbe565fc73.jpg,Glove
TEST,gs://projectbucket10/images/a3f9db866b0aea01.jpg,Glove
TEST,gs://projectbucket10/images/a69b5390c7a2177a.jpg,Glove
TEST,gs://projectbucket10/images/a7fabb52ec005d7d.jpg,Glove
TEST,gs://projectbucket10/images/a824dbab388784e8.jpg,Glove
TEST,gs://projectbucket10/images/a8d0fb906a13ac84.jpg,Glove
TRAIN,gs://projectbucket10/images/00dbabf445242ba3.jpg,Goat
TRAIN,gs://projectbucket10/images/017fdd2b45d070bf.jpg,Goat
TRAIN,gs://projectbucket10/images/0a26c136285b5f40.jpg,Goat
TRAIN,gs://projectbucket10/images/0af497431132df18.jpg,Goat
TRAIN,gs://projectbucket10/images/0bfd8ef96228aeee.jpg,Goat
TRAIN,gs://projectbucket10/images/0de810360aa4ab15.jpg,Goat
TRAIN,gs://projectbucket10/images/0e339658d17b8711.jpg,Goat
TRAIN,gs://projectbucket10/images/10abae5a94fe5368.jpg,Goat
TRAIN,gs://projectbucket10/images/1181985eab79d267.jpg,Goat
TRAIN,gs://projectbucket10/images/153d164e827a6716.jpg,Goat
TRAIN,gs://projectbucket10/images/15ad1a8c516ebe5b.jpg,Goat
TRAIN,gs://projectbucket10/images/16e0044a9dce8b92.jpg,Goat
TRAIN,gs://projectbucket10/images/1877d295a2a99a43.jpg,Goat
TRAIN,gs://projectbucket10/images/1b2c6ebb20def408.jpg,Goat
TRAIN,gs://projectbucket10/images/1c169ca0ae17a9bd.jpg,Goat
TRAIN,gs://projectbucket10/images/1efde74ff07fbbc7.jpg,Goat
TRAIN,gs://projectbucket10/images/1fe7a99c23f64885.jpg,Goat
TRAIN,gs://projectbucket10/images/2403d626c7c2b95d.jpg,Goat
TRAIN,gs://projectbucket10/images/241670ce818d0745.jpg,Goat
TRAIN,gs://projectbucket10/images/247ed9ca9a89f388.jpg,Goat
TRAIN,gs://projectbucket10/images/27b503029b2a9393.jpg,Goat
TRAIN,gs://projectbucket10/images/288f117ace624a04.jpg,Goat
TRAIN,gs://projectbucket10/images/2943d0b287192baa.jpg,Goat
TRAIN,gs://projectbucket10/images/2d21b50ce97c6fed.jpg,Goat
TRAIN,gs://projectbucket10/images/2d47873f3dd75e20.jpg,Goat
TRAIN,gs://projectbucket10/images/2f6ca4f850d8aa34.jpg,Goat
TRAIN,gs://projectbucket10/images/2faec3ce69fc47bc.jpg,Goat
TRAIN,gs://projectbucket10/images/305f026be486e7de.jpg,Goat
TRAIN,gs://projectbucket10/images/316c79766dc073aa.jpg,Goat
TRAIN,gs://projectbucket10/images/321e326fc4a9a566.jpg,Goat
TRAIN,gs://projectbucket10/images/347f22f6b2429b05.jpg,Goat
TRAIN,gs://projectbucket10/images/34afe812626ff4e8.jpg,Goat
TRAIN,gs://projectbucket10/images/34c2e9da0b51f345.jpg,Goat
TRAIN,gs://projectbucket10/images/3750075e3b01b1f9.jpg,Goat
TRAIN,gs://projectbucket10/images/377c126072483d1a.jpg,Goat
TRAIN,gs://projectbucket10/images/39969240ced50cbe.jpg,Goat
TRAIN,gs://projectbucket10/images/3b4bc34797729d1d.jpg,Goat
TRAIN,gs://projectbucket10/images/3bac090cc477cf74.jpg,Goat
TRAIN,gs://projectbucket10/images/3c516b93884e854a.jpg,Goat
TRAIN,gs://projectbucket10/images/3c738dc9f5571930.jpg,Goat
TRAIN,gs://projectbucket10/images/3c9e31c02199049d.jpg,Goat
TRAIN,gs://projectbucket10/images/3d37a6b6be146c12.jpg,Goat
TRAIN,gs://projectbucket10/images/3e25c699605eb379.jpg,Goat
TRAIN,gs://projectbucket10/images/3e28ffc80e2553c4.jpg,Goat
TRAIN,gs://projectbucket10/images/3e37fdef983faef3.jpg,Goat
TRAIN,gs://projectbucket10/images/3f4165b3d5196780.jpg,Goat
TRAIN,gs://projectbucket10/images/40003df857c97972.jpg,Goat
TRAIN,gs://projectbucket10/images/420781f846e31998.jpg,Goat
TRAIN,gs://projectbucket10/images/430bc5b07c55d02f.jpg,Goat
TRAIN,gs://projectbucket10/images/454b63eed80cdea5.jpg,Goat
TRAIN,gs://projectbucket10/images/457ff1b17f74721a.jpg,Goat
TRAIN,gs://projectbucket10/images/45afbaca1e58504f.jpg,Goat
TRAIN,gs://projectbucket10/images/45b3eb40d95f2e81.jpg,Goat
TRAIN,gs://projectbucket10/images/495a876d857dc370.jpg,Goat
TRAIN,gs://projectbucket10/images/4a2ac6e0c85727c7.jpg,Goat
TRAIN,gs://projectbucket10/images/4a51f8dd244cd303.jpg,Goat
TRAIN,gs://projectbucket10/images/4b0ecbc805fceaaa.jpg,Goat
TRAIN,gs://projectbucket10/images/4ba875064f8417e9.jpg,Goat
TRAIN,gs://projectbucket10/images/4bd660fabab94078.jpg,Goat
TRAIN,gs://projectbucket10/images/4c41513fb1c9bf62.jpg,Goat
TRAIN,gs://projectbucket10/images/4c675cb8ef974663.jpg,Goat
TRAIN,gs://projectbucket10/images/4eb2c72a6ea1cd4f.jpg,Goat
TRAIN,gs://projectbucket10/images/50004b537dea9680.jpg,Goat
TRAIN,gs://projectbucket10/images/515bcadc8a37f915.jpg,Goat
TRAIN,gs://projectbucket10/images/518583e58c869a2a.jpg,Goat
TRAIN,gs://projectbucket10/images/51c14491dd8f589c.jpg,Goat
TRAIN,gs://projectbucket10/images/52772cb60ec8b604.jpg,Goat
TRAIN,gs://projectbucket10/images/52f4935660343e40.jpg,Goat
TRAIN,gs://projectbucket10/images/538ac1a4ddf9ed1f.jpg,Goat
TRAIN,gs://projectbucket10/images/56f184605e749fcc.jpg,Goat
TRAIN,gs://projectbucket10/images/5787f519826f31ad.jpg,Goat
TRAIN,gs://projectbucket10/images/5806672761e3a840.jpg,Goat
TRAIN,gs://projectbucket10/images/59dd6b3d9fdf252d.jpg,Goat
TRAIN,gs://projectbucket10/images/59ee2fabd15fcce4.jpg,Goat
TRAIN,gs://projectbucket10/images/5ad952fd8b7a5422.jpg,Goat
TRAIN,gs://projectbucket10/images/5b5e5614e196b919.jpg,Goat
TRAIN,gs://projectbucket10/images/5bb6d70d8f07ea3e.jpg,Goat
TRAIN,gs://projectbucket10/images/5bcf1ad79dda113b.jpg,Goat
TRAIN,gs://projectbucket10/images/5c5f0ea14f4291b8.jpg,Goat
TRAIN,gs://projectbucket10/images/5cad25e9249d6bda.jpg,Goat
VALIDATION,gs://projectbucket10/images/5ce0d1e24521996b.jpg,Goat
VALIDATION,gs://projectbucket10/images/5ed38f9252c8ff13.jpg,Goat
VALIDATION,gs://projectbucket10/images/607c31e91bbcbd55.jpg,Goat
VALIDATION,gs://projectbucket10/images/67ae19d6151d4c2c.jpg,Goat
VALIDATION,gs://projectbucket10/images/67cb4d8750ad13a3.jpg,Goat
VALIDATION,gs://projectbucket10/images/6a01b949ef0b3a3a.jpg,Goat
VALIDATION,gs://projectbucket10/images/6b43582b6443928b.jpg,Goat
VALIDATION,gs://projectbucket10/images/70496b2b4ad32f1f.jpg,Goat
VALIDATION,gs://projectbucket10/images/714ce39b4659ac71.jpg,Goat
VALIDATION,gs://projectbucket10/images/7217537d27457d2d.jpg,Goat
TEST,gs://projectbucket10/images/736865256b6733d5.jpg,Goat
TEST,gs://projectbucket10/images/75eee510cecafd13.jpg,Goat
TEST,gs://projectbucket10/images/7a89b4fc43ee7c13.jpg,Goat
TEST,gs://projectbucket10/images/7aa5d3c38820737b.jpg,Goat
TEST,gs://projectbucket10/images/7fd5a774e62a93ee.jpg,Goat
TEST,gs://projectbucket10/images/851c43ad70d10f45.jpg,Goat
TEST,gs://projectbucket10/images/865371442755e110.jpg,Goat
TEST,gs://projectbucket10/images/8a60c9030d62458a.jpg,Goat
TEST,gs://projectbucket10/images/8acd38bf351594ca.jpg,Goat
TEST,gs://projectbucket10/images/8b55a05614a3501c.jpg,Goat
TRAIN,gs://projectbucket10/images/00ad00e25bf4a7bc.jpg,Taco
TRAIN,gs://projectbucket10/images/035b7e93038893e1.jpg,Taco
TRAIN,gs://projectbucket10/images/04e353c1d8d726b4.jpg,Taco
TRAIN,gs://projectbucket10/images/074d0d3b84d42df0.jpg,Taco
TRAIN,gs://projectbucket10/images/08c232cdd85f698e.jpg,Taco
TRAIN,gs://projectbucket10/images/0e640ea432df23b3.jpg,Taco
TRAIN,gs://projectbucket10/images/0e867264d95e4dfe.jpg,Taco
TRAIN,gs://projectbucket10/images/1066f24dc9d25a3b.jpg,Taco
TRAIN,gs://projectbucket10/images/1211558134430892.jpg,Taco
TRAIN,gs://projectbucket10/images/1265a59916050f73.jpg,Taco
TRAIN,gs://projectbucket10/images/15f580d7bc2692b3.jpg,Taco
TRAIN,gs://projectbucket10/images/193c3b1480a99fb2.jpg,Taco
TRAIN,gs://projectbucket10/images/1ab41e2c3e773df7.jpg,Taco
TRAIN,gs://projectbucket10/images/1b4fb1ea450414d1.jpg,Taco
TRAIN,gs://projectbucket10/images/290928f4c2d077f8.jpg,Taco
TRAIN,gs://projectbucket10/images/2a4fa1fdf360f4ff.jpg,Taco
TRAIN,gs://projectbucket10/images/319f6b0335680d93.jpg,Taco
TRAIN,gs://projectbucket10/images/332c78de7efe4345.jpg,Taco
TRAIN,gs://projectbucket10/images/369d7a99731b63f1.jpg,Taco
TRAIN,gs://projectbucket10/images/3d433286dd50d1eb.jpg,Taco
TRAIN,gs://projectbucket10/images/3ea3e3613c2940a0.jpg,Taco
TRAIN,gs://projectbucket10/images/41557e6c68cf4566.jpg,Taco
TRAIN,gs://projectbucket10/images/44d04767a05c15ee.jpg,Taco
TRAIN,gs://projectbucket10/images/47e38a7ad17203bd.jpg,Taco
TRAIN,gs://projectbucket10/images/48663dc11382a2ab.jpg,Taco
TRAIN,gs://projectbucket10/images/4c1a6eb950d182e9.jpg,Taco
TRAIN,gs://projectbucket10/images/515ed193a1755253.jpg,Taco
TRAIN,gs://projectbucket10/images/51c5966a0c871e2d.jpg,Taco
TRAIN,gs://projectbucket10/images/527e3352ebaf8b17.jpg,Taco
TRAIN,gs://projectbucket10/images/549fedffe5d59c07.jpg,Taco
TRAIN,gs://projectbucket10/images/56040e8f80004c40.jpg,Taco
TRAIN,gs://projectbucket10/images/56304880ae9216fb.jpg,Taco
TRAIN,gs://projectbucket10/images/5a656221649086c2.jpg,Taco
TRAIN,gs://projectbucket10/images/5f389e5906fdb439.jpg,Taco
TRAIN,gs://projectbucket10/images/62037de94047a4b9.jpg,Taco
TRAIN,gs://projectbucket10/images/630f0b2b0a8c0be2.jpg,Taco
TRAIN,gs://projectbucket10/images/63d868f5d1ee0437.jpg,Taco
TRAIN,gs://projectbucket10/images/6627f7a03726159d.jpg,Taco
TRAIN,gs://projectbucket10/images/664c1692f8dd8bf8.jpg,Taco
TRAIN,gs://projectbucket10/images/6c797721287c8b40.jpg,Taco
TRAIN,gs://projectbucket10/images/734c9d4b07cecd73.jpg,Taco
TRAIN,gs://projectbucket10/images/74b5f91f7f459440.jpg,Taco
TRAIN,gs://projectbucket10/images/74cf3187247b76a2.jpg,Taco
TRAIN,gs://projectbucket10/images/7645bae264564eef.jpg,Taco
TRAIN,gs://projectbucket10/images/7947d85062c880ec.jpg,Taco
TRAIN,gs://projectbucket10/images/799d744bd2d12faa.jpg,Taco
TRAIN,gs://projectbucket10/images/7b71c9d26bc00228.jpg,Taco
TRAIN,gs://projectbucket10/images/7c67a0c847fed91f.jpg,Taco
TRAIN,gs://projectbucket10/images/7cfb92a14b01427a.jpg,Taco
TRAIN,gs://projectbucket10/images/7ded9d33e6c733bf.jpg,Taco
TRAIN,gs://projectbucket10/images/7ea99d74c0407e01.jpg,Taco
TRAIN,gs://projectbucket10/images/7ee3ecd8e512013c.jpg,Taco
TRAIN,gs://projectbucket10/images/7eef4805a95034e0.jpg,Taco
TRAIN,gs://projectbucket10/images/7f8ca713eb2a5055.jpg,Taco
TRAIN,gs://projectbucket10/images/8416820cdcd459fc.jpg,Taco
TRAIN,gs://projectbucket10/images/8443aa193b64d379.jpg,Taco
TRAIN,gs://projectbucket10/images/858332d81ae23c20.jpg,Taco
TRAIN,gs://projectbucket10/images/85f002cc9b089f23.jpg,Taco
TRAIN,gs://projectbucket10/images/86351358c02e65ae.jpg,Taco
TRAIN,gs://projectbucket10/images/86445aad9d9abade.jpg,Taco
TRAIN,gs://projectbucket10/images/88f3eb5522a9c0c8.jpg,Taco
TRAIN,gs://projectbucket10/images/8a3b033bd1db7a9b.jpg,Taco
TRAIN,gs://projectbucket10/images/8aa1857c658925ac.jpg,Taco
TRAIN,gs://projectbucket10/images/8e44dd20714ab27e.jpg,Taco
TRAIN,gs://projectbucket10/images/92eb06b32cbc0516.jpg,Taco
TRAIN,gs://projectbucket10/images/94a9bd06ac894178.jpg,Taco
TRAIN,gs://projectbucket10/images/94b7b1c6ec5c638c.jpg,Taco
TRAIN,gs://projectbucket10/images/97ea9e4b15722a85.jpg,Taco
TRAIN,gs://projectbucket10/images/99ef128557265167.jpg,Taco
TRAIN,gs://projectbucket10/images/9b1c8f0774f89999.jpg,Taco
TRAIN,gs://projectbucket10/images/9b86862e39e24fb9.jpg,Taco
TRAIN,gs://projectbucket10/images/9e959ace42e69b4b.jpg,Taco
TRAIN,gs://projectbucket10/images/9faa0772e50d7d51.jpg,Taco
TRAIN,gs://projectbucket10/images/a1d781140b16f0f8.jpg,Taco
TRAIN,gs://projectbucket10/images/a64f2c06e8b2bc44.jpg,Taco
TRAIN,gs://projectbucket10/images/a7a483ceaf0eb1da.jpg,Taco
TRAIN,gs://projectbucket10/images/a7db907b9d8d2734.jpg,Taco
TRAIN,gs://projectbucket10/images/a869dabc13732902.jpg,Taco
TRAIN,gs://projectbucket10/images/ab2233e4cda6ed33.jpg,Taco
TRAIN,gs://projectbucket10/images/ab56d5a321bfe131.jpg,Taco
VALIDATION,gs://projectbucket10/images/b0aefcefebe1aea7.jpg,Taco
VALIDATION,gs://projectbucket10/images/b4689eb292f360ff.jpg,Taco
VALIDATION,gs://projectbucket10/images/b5b30854a2b06c6e.jpg,Taco
VALIDATION,gs://projectbucket10/images/b86504f021a1fbda.jpg,Taco
VALIDATION,gs://projectbucket10/images/b88cf5f622092699.jpg,Taco
VALIDATION,gs://projectbucket10/images/b941ed1d53093629.jpg,Taco
VALIDATION,gs://projectbucket10/images/bf9574e1e90f3cb6.jpg,Taco
VALIDATION,gs://projectbucket10/images/c52c2a452a01d95e.jpg,Taco
VALIDATION,gs://projectbucket10/images/c81204905b313349.jpg,Taco
VALIDATION,gs://projectbucket10/images/c8138a077cb4e691.jpg,Taco
TEST,gs://projectbucket10/images/d294fb80101f6a4f.jpg,Taco
TEST,gs://projectbucket10/images/d2f6c3f2d0c82fab.jpg,Taco
TEST,gs://projectbucket10/images/d4f441b632712a7c.jpg,Taco
TEST,gs://projectbucket10/images/d9a384f6bef07344.jpg,Taco
TEST,gs://projectbucket10/images/dc8ad52fb2c54faa.jpg,Taco
TEST,gs://projectbucket10/images/dcb7a5211f4e1ebb.jpg,Taco
TEST,gs://projectbucket10/images/e363740d77878bc4.jpg,Taco
TEST,gs://projectbucket10/images/e3ccdad542e52808.jpg,Taco
TEST,gs://projectbucket10/images/e47eeff6963a2dcb.jpg,Taco
TEST,gs://projectbucket10/images/e5d5f151a7fde8f3.jpg,Taco
TRAIN,gs://projectbucket10/images/0138be05352840a0.jpg,Computer monitor
TRAIN,gs://projectbucket10/images/027b5c62f38fc44e.jpg,Computer monitor
TRAIN,gs://projectbucket10/images/04e62b3e2e509997.jpg,Computer monitor
TRAIN,gs://projectbucket10/images/050c33f7d251cfdd.jpg,Computer monitor
TRAIN,gs://projectbucket10/images/0646fb850d6442dd.jpg,Computer monitor
TRAIN,gs://projectbucket10/images/06c109b237f4c178.jpg,Computer monitor
TRAIN,gs://projectbucket10/images/07a3af0cfed5a061.jpg,Computer monitor
TRAIN,gs://projectbucket10/images/0836a2a0b49e3d2d.jpg,Computer monitor
TRAIN,gs://projectbucket10/images/0bd3777165eaadd8.jpg,Computer monitor
TRAIN,gs://projectbucket10/images/0bfdef17703e0f1f.jpg,Computer monitor
TRAIN,gs://projectbucket10/images/0dbc0e0e399c1f90.jpg,Computer monitor
TRAIN,gs://projectbucket10/images/0e04a48b48afdfa1.jpg,Computer monitor
TRAIN,gs://projectbucket10/images/0e71457d35b69725.jpg,Computer monitor
TRAIN,gs://projectbucket10/images/0f809ef9be91ecd6.jpg,Computer monitor
TRAIN,gs://projectbucket10/images/1296dd4bddd64817.jpg,Computer monitor
TRAIN,gs://projectbucket10/images/12c733770491a77d.jpg,Computer monitor
TRAIN,gs://projectbucket10/images/12cd88f231ea5ddd.jpg,Computer monitor
TRAIN,gs://projectbucket10/images/13989b27aa80a9ca.jpg,Computer monitor
TRAIN,gs://projectbucket10/images/14ee8e8500db236e.jpg,Computer monitor
TRAIN,gs://projectbucket10/images/14f2707eea2409dc.jpg,Computer monitor
TRAIN,gs://projectbucket10/images/1572d4fb856e373a.jpg,Computer monitor
TRAIN,gs://projectbucket10/images/18b4ed30f44419b5.jpg,Computer monitor
TRAIN,gs://projectbucket10/images/198b5e78282c48b7.jpg,Computer monitor
TRAIN,gs://projectbucket10/images/1a7816f8c49ed04f.jpg,Computer monitor
TRAIN,gs://projectbucket10/images/1ac9e1ec8800385b.jpg,Computer monitor
TRAIN,gs://projectbucket10/images/1afc05c8e8b807bc.jpg,Computer monitor
TRAIN,gs://projectbucket10/images/1d3702a4e1d99fc1.jpg,Computer monitor
TRAIN,gs://projectbucket10/images/1d582e65cd9585f7.jpg,Computer monitor
TRAIN,gs://projectbucket10/images/1e50760d28f56d3d.jpg,Computer monitor
TRAIN,gs://projectbucket10/images/1eb73ab03ead67db.jpg,Computer monitor
TRAIN,gs://projectbucket10/images/1f74157203a5b208.jpg,Computer monitor
TRAIN,gs://projectbucket10/images/1ff0702d07e463c6.jpg,Computer monitor
TRAIN,gs://projectbucket10/images/202fcb8806930222.jpg,Computer monitor
TRAIN,gs://projectbucket10/images/2180f939e6058c68.jpg,Computer monitor
TRAIN,gs://projectbucket10/images/24fd5374dd3aa5be.jpg,Computer monitor
TRAIN,gs://projectbucket10/images/27ba2858e4182e7b.jpg,Computer monitor
TRAIN,gs://projectbucket10/images/27e16931688a780f.jpg,Computer monitor
TRAIN,gs://projectbucket10/images/28908307443130a1.jpg,Computer monitor
TRAIN,gs://projectbucket10/images/289a988c35d57894.jpg,Computer monitor
TRAIN,gs://projectbucket10/images/2a7f66464242753b.jpg,Computer monitor
TRAIN,gs://projectbucket10/images/2b9ea53207234441.jpg,Computer monitor
TRAIN,gs://projectbucket10/images/2bd09eb8b8669b7b.jpg,Computer monitor
TRAIN,gs://projectbucket10/images/2da153f9ad6ca85f.jpg,Computer monitor
TRAIN,gs://projectbucket10/images/2dd6265bff1036d2.jpg,Computer monitor
TRAIN,gs://projectbucket10/images/31c010689f461b0f.jpg,Computer monitor
TRAIN,gs://projectbucket10/images/31f30cd266dbf9e1.jpg,Computer monitor
TRAIN,gs://projectbucket10/images/36a94963587fca6e.jpg,Computer monitor
TRAIN,gs://projectbucket10/images/374fa9a18783f6ca.jpg,Computer monitor
TRAIN,gs://projectbucket10/images/37fa7c5f03cbb21d.jpg,Computer monitor
TRAIN,gs://projectbucket10/images/395456e4b8dd6b4e.jpg,Computer monitor
TRAIN,gs://projectbucket10/images/3fa03d541d95fd29.jpg,Computer monitor
TRAIN,gs://projectbucket10/images/40038216f6a595e5.jpg,Computer monitor
TRAIN,gs://projectbucket10/images/403c0bde381da99d.jpg,Computer monitor
TRAIN,gs://projectbucket10/images/4043c9f84f4350b5.jpg,Computer monitor
TRAIN,gs://projectbucket10/images/4085bdda69f0781c.jpg,Computer monitor
TRAIN,gs://projectbucket10/images/41a9a8de91d605b5.jpg,Computer monitor
TRAIN,gs://projectbucket10/images/455ee98ec3838c95.jpg,Computer monitor
TRAIN,gs://projectbucket10/images/459459d88a958acb.jpg,Computer monitor
TRAIN,gs://projectbucket10/images/45fe2d32ebf8e0e9.jpg,Computer monitor
TRAIN,gs://projectbucket10/images/477be417ee74d92a.jpg,Computer monitor
TRAIN,gs://projectbucket10/images/47b32d9b609933af.jpg,Computer monitor
TRAIN,gs://projectbucket10/images/49516e764c65ff84.jpg,Computer monitor
TRAIN,gs://projectbucket10/images/4bd1795c0447ecb6.jpg,Computer monitor
TRAIN,gs://projectbucket10/images/4c37efb4718a0110.jpg,Computer monitor
TRAIN,gs://projectbucket10/images/4c78cd030d7f408a.jpg,Computer monitor
TRAIN,gs://projectbucket10/images/50554cbe68595426.jpg,Computer monitor
TRAIN,gs://projectbucket10/images/51e1fc68f66f0881.jpg,Computer monitor
TRAIN,gs://projectbucket10/images/51e7dcf694e849b0.jpg,Computer monitor
TRAIN,gs://projectbucket10/images/542e5681438529cd.jpg,Computer monitor
TRAIN,gs://projectbucket10/images/548b3e8e3ffafa11.jpg,Computer monitor
TRAIN,gs://projectbucket10/images/55175c4c823e521a.jpg,Computer monitor
TRAIN,gs://projectbucket10/images/575b8e50763b3f50.jpg,Computer monitor
TRAIN,gs://projectbucket10/images/5844287307122311.jpg,Computer monitor
TRAIN,gs://projectbucket10/images/59ee0fcba4d1b8d3.jpg,Computer monitor
TRAIN,gs://projectbucket10/images/5b5c187854464c3a.jpg,Computer monitor
TRAIN,gs://projectbucket10/images/5c341ac3248475db.jpg,Computer monitor
TRAIN,gs://projectbucket10/images/5d01e222f89fcda7.jpg,Computer monitor
TRAIN,gs://projectbucket10/images/5e0a6def2bc044c6.jpg,Computer monitor
TRAIN,gs://projectbucket10/images/5f18f24071153425.jpg,Computer monitor
TRAIN,gs://projectbucket10/images/5f2c0ab38d60dc42.jpg,Computer monitor
VALIDATION,gs://projectbucket10/images/60669864b8fb8ad0.jpg,Computer monitor
VALIDATION,gs://projectbucket10/images/60c4349296d069e7.jpg,Computer monitor
VALIDATION,gs://projectbucket10/images/6269f38b8d4ab95d.jpg,Computer monitor
VALIDATION,gs://projectbucket10/images/63e77a7cc34a58f8.jpg,Computer monitor
VALIDATION,gs://projectbucket10/images/6459e868d4214c5c.jpg,Computer monitor
VALIDATION,gs://projectbucket10/images/662790dc7792665d.jpg,Computer monitor
VALIDATION,gs://projectbucket10/images/6648410adb1b08cb.jpg,Computer monitor
VALIDATION,gs://projectbucket10/images/676640538ee682d7.jpg,Computer monitor
VALIDATION,gs://projectbucket10/images/681974fdadeb069f.jpg,Computer monitor
VALIDATION,gs://projectbucket10/images/69ea275962c314b5.jpg,Computer monitor
TEST,gs://projectbucket10/images/6aebc81b1fe78247.jpg,Computer monitor
TEST,gs://projectbucket10/images/6b93c6bfbe0bb8e0.jpg,Computer monitor
TEST,gs://projectbucket10/images/6d290cbcacf8e180.jpg,Computer monitor
TEST,gs://projectbucket10/images/6d940b1da127312f.jpg,Computer monitor
TEST,gs://projectbucket10/images/6dc5daf2c205fd2b.jpg,Computer monitor
TEST,gs://projectbucket10/images/6e222f2fbdd0bef3.jpg,Computer monitor
TEST,gs://projectbucket10/images/73fa08c87147cf04.jpg,Computer monitor
TEST,gs://projectbucket10/images/74843c1fbab05395.jpg,Computer monitor
TEST,gs://projectbucket10/images/7554be5fc3f17f09.jpg,Computer monitor
TEST,gs://projectbucket10/images/76fc8880f7c23ee5.jpg,Computer monitor
TRAIN,gs://projectbucket10/images/02eec2c28f8cdb8e.jpg,Knife
TRAIN,gs://projectbucket10/images/030918a2abf658f3.jpg,Knife
TRAIN,gs://projectbucket10/images/0443405892fa306a.jpg,Knife
TRAIN,gs://projectbucket10/images/051545e07a1f8eaa.jpg,Knife
TRAIN,gs://projectbucket10/images/089ed123cb0eee58.jpg,Knife
TRAIN,gs://projectbucket10/images/0cdf74810d6c9e2f.jpg,Knife
TRAIN,gs://projectbucket10/images/0f3a8d79829e0af1.jpg,Knife
TRAIN,gs://projectbucket10/images/1194132584fa4ba2.jpg,Knife
TRAIN,gs://projectbucket10/images/15322a2b633e1fdb.jpg,Knife
TRAIN,gs://projectbucket10/images/16207d46f3b92b11.jpg,Knife
TRAIN,gs://projectbucket10/images/16462ddae6a3055a.jpg,Knife
TRAIN,gs://projectbucket10/images/16ad14a4aae6558c.jpg,Knife
TRAIN,gs://projectbucket10/images/1a99bc516d16b705.jpg,Knife
TRAIN,gs://projectbucket10/images/1c2b0838f50a0007.jpg,Knife
TRAIN,gs://projectbucket10/images/1cb12f8c76cc7c26.jpg,Knife
TRAIN,gs://projectbucket10/images/1dbc0b2e1bb52d73.jpg,Knife
TRAIN,gs://projectbucket10/images/1dfb41cf7f3a74ea.jpg,Knife
TRAIN,gs://projectbucket10/images/216430a5c140a34b.jpg,Knife
TRAIN,gs://projectbucket10/images/2167755de02e7112.jpg,Knife
TRAIN,gs://projectbucket10/images/2301d2a50402781f.jpg,Knife
TRAIN,gs://projectbucket10/images/23ab22b183cb37cd.jpg,Knife
TRAIN,gs://projectbucket10/images/24088e8ffe40f9fc.jpg,Knife
TRAIN,gs://projectbucket10/images/273bf1093f0db01c.jpg,Knife
TRAIN,gs://projectbucket10/images/2780dd25363cfb14.jpg,Knife
TRAIN,gs://projectbucket10/images/29678f9b5bdbcc48.jpg,Knife
TRAIN,gs://projectbucket10/images/2ac663e3386d66f8.jpg,Knife
TRAIN,gs://projectbucket10/images/2ec0b8b499df7a63.jpg,Knife
TRAIN,gs://projectbucket10/images/2eccad58e8f88603.jpg,Knife
TRAIN,gs://projectbucket10/images/301b39048779e41a.jpg,Knife
TRAIN,gs://projectbucket10/images/312553eb97160242.jpg,Knife
TRAIN,gs://projectbucket10/images/315e0e7f1f83980c.jpg,Knife
TRAIN,gs://projectbucket10/images/3254bc540ca2a86e.jpg,Knife
TRAIN,gs://projectbucket10/images/3451cc0fb5b19993.jpg,Knife
TRAIN,gs://projectbucket10/images/36795aa5cf5b4e4d.jpg,Knife
TRAIN,gs://projectbucket10/images/36d35476667b50ae.jpg,Knife
TRAIN,gs://projectbucket10/images/37d8f468504ad26c.jpg,Knife
TRAIN,gs://projectbucket10/images/38c6a3215561bb9d.jpg,Knife
TRAIN,gs://projectbucket10/images/395aa1766050836c.jpg,Knife
TRAIN,gs://projectbucket10/images/3a078b9702ff27c7.jpg,Knife
TRAIN,gs://projectbucket10/images/3af42b84456df3e1.jpg,Knife
TRAIN,gs://projectbucket10/images/3b23c9d7127548ac.jpg,Knife
TRAIN,gs://projectbucket10/images/3bd5b509bb6263f4.jpg,Knife
TRAIN,gs://projectbucket10/images/3c224d7882fb34be.jpg,Knife
TRAIN,gs://projectbucket10/images/416ee42ea3a027b7.jpg,Knife
TRAIN,gs://projectbucket10/images/4250703d5f3b54b2.jpg,Knife
TRAIN,gs://projectbucket10/images/4542df480df863cf.jpg,Knife
TRAIN,gs://projectbucket10/images/4559be6e8da45106.jpg,Knife
TRAIN,gs://projectbucket10/images/493fc196e97038ee.jpg,Knife
TRAIN,gs://projectbucket10/images/49e52fbdce3dad07.jpg,Knife
TRAIN,gs://projectbucket10/images/4b598bd1076bbccf.jpg,Knife
TRAIN,gs://projectbucket10/images/4c6a1b83df36da5c.jpg,Knife
TRAIN,gs://projectbucket10/images/5344a0c65e79b59b.jpg,Knife
TRAIN,gs://projectbucket10/images/5371b3e48c6d1f5c.jpg,Knife
TRAIN,gs://projectbucket10/images/53965ca7bf460a89.jpg,Knife
TRAIN,gs://projectbucket10/images/5662867280c8beb9.jpg,Knife
TRAIN,gs://projectbucket10/images/567f184e5b24f067.jpg,Knife
TRAIN,gs://projectbucket10/images/57cfc70956fc4b75.jpg,Knife
TRAIN,gs://projectbucket10/images/58bac0dd7d3e7a51.jpg,Knife
TRAIN,gs://projectbucket10/images/59636e87fa2482d8.jpg,Knife
TRAIN,gs://projectbucket10/images/59e17f47007da39e.jpg,Knife
TRAIN,gs://projectbucket10/images/5a97e8180dab9ad7.jpg,Knife
TRAIN,gs://projectbucket10/images/5dd9ea57ca394747.jpg,Knife
TRAIN,gs://projectbucket10/images/5decb4347f30394f.jpg,Knife
TRAIN,gs://projectbucket10/images/638e6d4cdc133dff.jpg,Knife
TRAIN,gs://projectbucket10/images/639515b29879a242.jpg,Knife
TRAIN,gs://projectbucket10/images/639a593e4a78676c.jpg,Knife
TRAIN,gs://projectbucket10/images/644ae58bce24c5c7.jpg,Knife
TRAIN,gs://projectbucket10/images/64d9d0773c67dfd2.jpg,Knife
TRAIN,gs://projectbucket10/images/6525070c8132d6ed.jpg,Knife
TRAIN,gs://projectbucket10/images/65339093f0f7a812.jpg,Knife
TRAIN,gs://projectbucket10/images/65c6b3faecea5316.jpg,Knife
TRAIN,gs://projectbucket10/images/65e544c3c9a7d03c.jpg,Knife
TRAIN,gs://projectbucket10/images/67be3c762691bf68.jpg,Knife
TRAIN,gs://projectbucket10/images/68a602c27ed94dcc.jpg,Knife
TRAIN,gs://projectbucket10/images/69a9aabce57dbb6d.jpg,Knife
TRAIN,gs://projectbucket10/images/69f043b8821233aa.jpg,Knife
TRAIN,gs://projectbucket10/images/6aac917ad0c61103.jpg,Knife
TRAIN,gs://projectbucket10/images/6b569fa82af25787.jpg,Knife
TRAIN,gs://projectbucket10/images/6c871ac98cd21d04.jpg,Knife
TRAIN,gs://projectbucket10/images/716b259142d82f97.jpg,Knife
VALIDATION,gs://projectbucket10/images/739a43c21e95abd4.jpg,Knife
VALIDATION,gs://projectbucket10/images/760fe576ed17f602.jpg,Knife
VALIDATION,gs://projectbucket10/images/76c9b212e151c98c.jpg,Knife
VALIDATION,gs://projectbucket10/images/76ec730c5b0645cd.jpg,Knife
VALIDATION,gs://projectbucket10/images/796081369e3e7865.jpg,Knife
VALIDATION,gs://projectbucket10/images/797ab3be4c05d33b.jpg,Knife
VALIDATION,gs://projectbucket10/images/7dbc3157ea89ba88.jpg,Knife
VALIDATION,gs://projectbucket10/images/7dd172cf64d32f21.jpg,Knife
VALIDATION,gs://projectbucket10/images/8084596d4172aeb6.jpg,Knife
VALIDATION,gs://projectbucket10/images/815f36cdbf50c23b.jpg,Knife
TEST,gs://projectbucket10/images/838f0026faad30ac.jpg,Knife
TEST,gs://projectbucket10/images/84bed398b691632d.jpg,Knife
TEST,gs://projectbucket10/images/856328045088bb94.jpg,Knife
TEST,gs://projectbucket10/images/859629cdbba9bb1d.jpg,Knife
TEST,gs://projectbucket10/images/8826fcabdac3022a.jpg,Knife
TEST,gs://projectbucket10/images/8925ca9fd908cd24.jpg,Knife
TEST,gs://projectbucket10/images/89af2ca1aab6be8c.jpg,Knife
TEST,gs://projectbucket10/images/8afe3275ffd9ef37.jpg,Knife
TEST,gs://projectbucket10/images/8b10658fa9956089.jpg,Knife
TEST,gs://projectbucket10/images/8b4e143725cc7682.jpg,Knife
